run,plate,grams,minutes,project
1,Q_EDGE_PLAIN_FULL,73.25,170.26,sliced/Q_EDGE_PLAIN_FULL/Q_EDGE_PLAIN_FULL_A1Mini_PETG.3mf
2,Q_EDGE_PLAIN_FULL,73.25,170.26,sliced/Q_EDGE_PLAIN_FULL/Q_EDGE_PLAIN_FULL_A1Mini_PETG.3mf
3,Q_EDGE_PLAIN_FULL,73.25,170.26,sliced/Q_EDGE_PLAIN_FULL/Q_EDGE_PLAIN_FULL_A1Mini_PETG.3mf
4,Q_EDGE_PLAIN_FULL,73.25,170.26,sliced/Q_EDGE_PLAIN_FULL/Q_EDGE_PLAIN_FULL_A1Mini_PETG.3mf
5,Q_EDGE_PLAIN_FULL,73.25,170.26,sliced/Q_EDGE_PLAIN_FULL/Q_EDGE_PLAIN_FULL_A1Mini_PETG.3mf
6,Q_EDGE_PLAIN_FULL,73.25,170.26,sliced/Q_EDGE_PLAIN_FULL/Q_EDGE_PLAIN_FULL_A1Mini_PETG.3mf
7,Q_EDGE_PLAIN_FULL,73.25,170.26,sliced/Q_EDGE_PLAIN_FULL/Q_EDGE_PLAIN_FULL_A1Mini_PETG.3mf
8,Q_EDGE_PLAIN_FULL,73.25,170.26,sliced/Q_EDGE_PLAIN_FULL/Q_EDGE_PLAIN_FULL_A1Mini_PETG.3mf
9,Q_EDGE_PLAIN_FULL,73.25,170.26,sliced/Q_EDGE_PLAIN_FULL/Q_EDGE_PLAIN_FULL_A1Mini_PETG.3mf
10,Q_EDGE_PLAIN_FULL,73.25,170.26,sliced/Q_EDGE_PLAIN_FULL/Q_EDGE_PLAIN_FULL_A1Mini_PETG.3mf
11,Q_EDGE_PLAIN_FULL,73.25,170.26,sliced/Q_EDGE_PLAIN_FULL/Q_EDGE_PLAIN_FULL_A1Mini_PETG.3mf
12,Q_EDGE_PLAIN_FULL,73.25,170.26,sliced/Q_EDGE_PLAIN_FULL/Q_EDGE_PLAIN_FULL_A1Mini_PETG.3mf
13,Q_EDGE_PLAIN_FULL,73.25,170.26,sliced/Q_EDGE_PLAIN_FULL/Q_EDGE_PLAIN_FULL_A1Mini_PETG.3mf
14,Q_EDGE_PLAIN_FULL,73.25,170.26,sliced/Q_EDGE_PLAIN_FULL/Q_EDGE_PLAIN_FULL_A1Mini_PETG.3mf
15,Q_EDGE_PLAIN_FULL,73.25,170.26,sliced/Q_EDGE_PLAIN_FULL/Q_EDGE_PLAIN_FULL_A1Mini_PETG.3mf
16,Q_EDGE_PLAIN_FULL,73.25,170.26,sliced/Q_EDGE_PLAIN_FULL/Q_EDGE_PLAIN_FULL_A1Mini_PETG.3mf
17,Q_EDGE_PLAIN_FULL,73.25,170.26,sliced/Q_EDGE_PLAIN_FULL/Q_EDGE_PLAIN_FULL_A1Mini_PETG.3mf
18,Q_EDGE_PLAIN_FULL,73.25,170.26,sliced/Q_EDGE_PLAIN_FULL/Q_EDGE_PLAIN_FULL_A1Mini_PETG.3mf
19,Q_EDGE_PLAIN_FULL,73.25,170.26,sliced/Q_EDGE_PLAIN_FULL/Q_EDGE_PLAIN_FULL_A1Mini_PETG.3mf
20,Q_EDGE_PLAIN_FULL,73.25,170.26,sliced/Q_EDGE_PLAIN_FULL/Q_EDGE_PLAIN_FULL_A1Mini_PETG.3mf
21,Q_EDGE_PLAIN_FULL,73.25,170.26,sliced/Q_EDGE_PLAIN_FULL/Q_EDGE_PLAIN_FULL_A1Mini_PETG.3mf
22,Q_EDGE_PLAIN_TAIL,24.46,61.96,sliced/Q_EDGE_PLAIN_TAIL/Q_EDGE_PLAIN_TAIL_A1Mini_PETG.3mf
23,Q_EDGE_BRANCH_FULL,73.43,180.04,sliced/Q_EDGE_BRANCH_FULL/Q_EDGE_BRANCH_FULL_A1Mini_PETG.3mf
24,Q_EDGE_BRANCH_FULL,73.43,180.04,sliced/Q_EDGE_BRANCH_FULL/Q_EDGE_BRANCH_FULL_A1Mini_PETG.3mf
25,Q_EDGE_BRANCH_FULL,73.43,180.04,sliced/Q_EDGE_BRANCH_FULL/Q_EDGE_BRANCH_FULL_A1Mini_PETG.3mf
26,Q_EDGE_BRANCH_FULL,73.43,180.04,sliced/Q_EDGE_BRANCH_FULL/Q_EDGE_BRANCH_FULL_A1Mini_PETG.3mf
27,Q_EDGE_BRANCH_FULL,73.43,180.04,sliced/Q_EDGE_BRANCH_FULL/Q_EDGE_BRANCH_FULL_A1Mini_PETG.3mf
28,Q_EDGE_BRANCH_FULL,73.43,180.04,sliced/Q_EDGE_BRANCH_FULL/Q_EDGE_BRANCH_FULL_A1Mini_PETG.3mf
29,Q_EDGE_BRANCH_FULL,73.43,180.04,sliced/Q_EDGE_BRANCH_FULL/Q_EDGE_BRANCH_FULL_A1Mini_PETG.3mf
30,Q_EDGE_BRANCH_FULL,73.43,180.04,sliced/Q_EDGE_BRANCH_FULL/Q_EDGE_BRANCH_FULL_A1Mini_PETG.3mf
31,Q_EDGE_BRANCH_FULL,73.43,180.04,sliced/Q_EDGE_BRANCH_FULL/Q_EDGE_BRANCH_FULL_A1Mini_PETG.3mf
32,Q_EDGE_BRANCH_FULL,73.43,180.04,sliced/Q_EDGE_BRANCH_FULL/Q_EDGE_BRANCH_FULL_A1Mini_PETG.3mf
33,Q_EDGE_BRANCH_FULL,73.43,180.04,sliced/Q_EDGE_BRANCH_FULL/Q_EDGE_BRANCH_FULL_A1Mini_PETG.3mf
34,Q_EDGE_BRANCH_FULL,73.43,180.04,sliced/Q_EDGE_BRANCH_FULL/Q_EDGE_BRANCH_FULL_A1Mini_PETG.3mf
35,Q_EDGE_BRANCH_FULL,73.43,180.04,sliced/Q_EDGE_BRANCH_FULL/Q_EDGE_BRANCH_FULL_A1Mini_PETG.3mf
36,Q_EDGE_BRANCH_FULL,73.43,180.04,sliced/Q_EDGE_BRANCH_FULL/Q_EDGE_BRANCH_FULL_A1Mini_PETG.3mf
37,Q_EDGE_BRANCH_FULL,73.43,180.04,sliced/Q_EDGE_BRANCH_FULL/Q_EDGE_BRANCH_FULL_A1Mini_PETG.3mf
38,Q_EDGE_BRANCH_FULL,73.43,180.04,sliced/Q_EDGE_BRANCH_FULL/Q_EDGE_BRANCH_FULL_A1Mini_PETG.3mf
39,Q_EDGE_BRANCH_FULL,73.43,180.04,sliced/Q_EDGE_BRANCH_FULL/Q_EDGE_BRANCH_FULL_A1Mini_PETG.3mf
40,Q_EDGE_BRANCH_FULL,73.43,180.04,sliced/Q_EDGE_BRANCH_FULL/Q_EDGE_BRANCH_FULL_A1Mini_PETG.3mf
41,Q_EDGE_BRANCH_FULL,73.43,180.04,sliced/Q_EDGE_BRANCH_FULL/Q_EDGE_BRANCH_FULL_A1Mini_PETG.3mf
42,Q_EDGE_BRANCH_FULL,73.43,180.04,sliced/Q_EDGE_BRANCH_FULL/Q_EDGE_BRANCH_FULL_A1Mini_PETG.3mf
43,Q_EDGE_BRANCH_FULL,73.43,180.04,sliced/Q_EDGE_BRANCH_FULL/Q_EDGE_BRANCH_FULL_A1Mini_PETG.3mf
44,Q_EDGE_BRANCH_FULL,73.43,180.04,sliced/Q_EDGE_BRANCH_FULL/Q_EDGE_BRANCH_FULL_A1Mini_PETG.3mf
45,Q_EDGE_BRANCH_FULL,73.43,180.04,sliced/Q_EDGE_BRANCH_FULL/Q_EDGE_BRANCH_FULL_A1Mini_PETG.3mf
46,Q_EDGE_BRANCH_FULL,73.43,180.04,sliced/Q_EDGE_BRANCH_FULL/Q_EDGE_BRANCH_FULL_A1Mini_PETG.3mf
47,Q_RUNG_FULL,73.36,174.65,sliced/Q_RUNG_FULL/Q_RUNG_FULL_A1Mini_PETG.3mf
48,Q_RUNG_FULL,73.36,174.65,sliced/Q_RUNG_FULL/Q_RUNG_FULL_A1Mini_PETG.3mf
49,Q_RUNG_FULL,73.36,174.65,sliced/Q_RUNG_FULL/Q_RUNG_FULL_A1Mini_PETG.3mf
50,Q_RUNG_FULL,73.36,174.65,sliced/Q_RUNG_FULL/Q_RUNG_FULL_A1Mini_PETG.3mf
51,Q_RUNG_FULL,73.36,174.65,sliced/Q_RUNG_FULL/Q_RUNG_FULL_A1Mini_PETG.3mf
52,Q_RUNG_FULL,73.36,174.65,sliced/Q_RUNG_FULL/Q_RUNG_FULL_A1Mini_PETG.3mf
53,Q_RUNG_FULL,73.36,174.65,sliced/Q_RUNG_FULL/Q_RUNG_FULL_A1Mini_PETG.3mf
54,Q_RUNG_FULL,73.36,174.65,sliced/Q_RUNG_FULL/Q_RUNG_FULL_A1Mini_PETG.3mf
55,Q_RUNG_FULL,73.36,174.65,sliced/Q_RUNG_FULL/Q_RUNG_FULL_A1Mini_PETG.3mf
56,Q_RUNG_FULL,73.36,174.65,sliced/Q_RUNG_FULL/Q_RUNG_FULL_A1Mini_PETG.3mf
57,Q_RUNG_FULL,73.36,174.65,sliced/Q_RUNG_FULL/Q_RUNG_FULL_A1Mini_PETG.3mf
58,Q_RUNG_FULL,73.36,174.65,sliced/Q_RUNG_FULL/Q_RUNG_FULL_A1Mini_PETG.3mf
59,Q_RUNG_FULL,73.36,174.65,sliced/Q_RUNG_FULL/Q_RUNG_FULL_A1Mini_PETG.3mf
60,Q_RUNG_FULL,73.36,174.65,sliced/Q_RUNG_FULL/Q_RUNG_FULL_A1Mini_PETG.3mf
61,Q_RUNG_FULL,73.36,174.65,sliced/Q_RUNG_FULL/Q_RUNG_FULL_A1Mini_PETG.3mf
62,Q_RUNG_FULL,73.36,174.65,sliced/Q_RUNG_FULL/Q_RUNG_FULL_A1Mini_PETG.3mf
63,Q_RUNG_FULL,73.36,174.65,sliced/Q_RUNG_FULL/Q_RUNG_FULL_A1Mini_PETG.3mf
64,Q_RUNG_FULL,73.36,174.65,sliced/Q_RUNG_FULL/Q_RUNG_FULL_A1Mini_PETG.3mf
65,Q_RUNG_FULL,73.36,174.65,sliced/Q_RUNG_FULL/Q_RUNG_FULL_A1Mini_PETG.3mf
66,Q_RUNG_FULL,73.36,174.65,sliced/Q_RUNG_FULL/Q_RUNG_FULL_A1Mini_PETG.3mf
67,Q_RUNG_FULL,73.36,174.65,sliced/Q_RUNG_FULL/Q_RUNG_FULL_A1Mini_PETG.3mf
68,Q_RUNG_FULL,73.36,174.65,sliced/Q_RUNG_FULL/Q_RUNG_FULL_A1Mini_PETG.3mf
69,Q_RUNG_FULL,73.36,174.65,sliced/Q_RUNG_FULL/Q_RUNG_FULL_A1Mini_PETG.3mf
70,Q_RUNG_FULL,73.36,174.65,sliced/Q_RUNG_FULL/Q_RUNG_FULL_A1Mini_PETG.3mf
71,Q_CLICK_KEY_FULL,26.9,86.42,sliced/Q_CLICK_KEY_FULL/Q_CLICK_KEY_FULL_A1Mini_PETG.3mf
72,Q_CLICK_KEY_FULL,26.9,86.42,sliced/Q_CLICK_KEY_FULL/Q_CLICK_KEY_FULL_A1Mini_PETG.3mf
73,Q_CLICK_KEY_FULL,26.9,86.42,sliced/Q_CLICK_KEY_FULL/Q_CLICK_KEY_FULL_A1Mini_PETG.3mf
74,Q_CLICK_KEY_FULL,26.9,86.42,sliced/Q_CLICK_KEY_FULL/Q_CLICK_KEY_FULL_A1Mini_PETG.3mf
75,Q_CLICK_KEY_FULL,26.9,86.42,sliced/Q_CLICK_KEY_FULL/Q_CLICK_KEY_FULL_A1Mini_PETG.3mf
76,Q_CLICK_KEY_FULL,26.9,86.42,sliced/Q_CLICK_KEY_FULL/Q_CLICK_KEY_FULL_A1Mini_PETG.3mf
77,Q_CLICK_KEY_FULL,26.9,86.42,sliced/Q_CLICK_KEY_FULL/Q_CLICK_KEY_FULL_A1Mini_PETG.3mf
78,Q_CLICK_KEY_FULL,26.9,86.42,sliced/Q_CLICK_KEY_FULL/Q_CLICK_KEY_FULL_A1Mini_PETG.3mf
79,Q_CLICK_KEY_FULL,26.9,86.42,sliced/Q_CLICK_KEY_FULL/Q_CLICK_KEY_FULL_A1Mini_PETG.3mf
80,Q_CLICK_KEY_FULL,26.9,86.42,sliced/Q_CLICK_KEY_FULL/Q_CLICK_KEY_FULL_A1Mini_PETG.3mf
81,Q_CLICK_KEY_FULL,26.9,86.42,sliced/Q_CLICK_KEY_FULL/Q_CLICK_KEY_FULL_A1Mini_PETG.3mf
82,Q_CLICK_KEY_FULL,26.9,86.42,sliced/Q_CLICK_KEY_FULL/Q_CLICK_KEY_FULL_A1Mini_PETG.3mf
83,Q_CLICK_KEY_FULL,26.9,86.42,sliced/Q_CLICK_KEY_FULL/Q_CLICK_KEY_FULL_A1Mini_PETG.3mf
84,Q_CLICK_KEY_FULL,26.9,86.42,sliced/Q_CLICK_KEY_FULL/Q_CLICK_KEY_FULL_A1Mini_PETG.3mf
85,Q_CLICK_KEY_FULL,26.9,86.42,sliced/Q_CLICK_KEY_FULL/Q_CLICK_KEY_FULL_A1Mini_PETG.3mf
86,Q_CLICK_KEY_FULL,26.9,86.42,sliced/Q_CLICK_KEY_FULL/Q_CLICK_KEY_FULL_A1Mini_PETG.3mf
87,Q_CLICK_KEY_FULL,26.9,86.42,sliced/Q_CLICK_KEY_FULL/Q_CLICK_KEY_FULL_A1Mini_PETG.3mf
88,Q_CLICK_KEY_FULL,26.9,86.42,sliced/Q_CLICK_KEY_FULL/Q_CLICK_KEY_FULL_A1Mini_PETG.3mf
89,Q_CLICK_KEY_FULL,26.9,86.42,sliced/Q_CLICK_KEY_FULL/Q_CLICK_KEY_FULL_A1Mini_PETG.3mf
90,Q_CLICK_KEY_FULL,26.9,86.42,sliced/Q_CLICK_KEY_FULL/Q_CLICK_KEY_FULL_A1Mini_PETG.3mf
91,Q_CLICK_KEY_FULL,26.9,86.42,sliced/Q_CLICK_KEY_FULL/Q_CLICK_KEY_FULL_A1Mini_PETG.3mf
92,Q_CLICK_KEY_FULL,26.9,86.42,sliced/Q_CLICK_KEY_FULL/Q_CLICK_KEY_FULL_A1Mini_PETG.3mf
93,Q_CLICK_KEY_FULL,26.9,86.42,sliced/Q_CLICK_KEY_FULL/Q_CLICK_KEY_FULL_A1Mini_PETG.3mf
94,Q_CLICK_KEY_FULL,26.9,86.42,sliced/Q_CLICK_KEY_FULL/Q_CLICK_KEY_FULL_A1Mini_PETG.3mf
95,Q_CLICK_KEY_FULL,26.9,86.42,sliced/Q_CLICK_KEY_FULL/Q_CLICK_KEY_FULL_A1Mini_PETG.3mf
96,Q_PAPER_PAD_FULL,53.56,139.79,sliced/Q_PAPER_PAD_FULL/Q_PAPER_PAD_FULL_A1Mini_PETG.3mf
97,Q_PAPER_PAD_FULL,53.56,139.79,sliced/Q_PAPER_PAD_FULL/Q_PAPER_PAD_FULL_A1Mini_PETG.3mf
98,Q_PAPER_PAD_FULL,53.56,139.79,sliced/Q_PAPER_PAD_FULL/Q_PAPER_PAD_FULL_A1Mini_PETG.3mf
99,Q_PAPER_PAD_TAIL,41.68,110.31,sliced/Q_PAPER_PAD_TAIL/Q_PAPER_PAD_TAIL_A1Mini_PETG.3mf
100,Q_PVC_HALF_33_FULL,72.29,199.8,sliced/Q_PVC_HALF_33_FULL/Q_PVC_HALF_33_FULL_A1Mini_PETG.3mf
101,Q_PVC_HALF_33_FULL,72.29,199.8,sliced/Q_PVC_HALF_33_FULL/Q_PVC_HALF_33_FULL_A1Mini_PETG.3mf
102,Q_PVC_HALF_33_FULL,72.29,199.8,sliced/Q_PVC_HALF_33_FULL/Q_PVC_HALF_33_FULL_A1Mini_PETG.3mf
103,Q_PVC_HALF_33_TAIL,14.52,46.37,sliced/Q_PVC_HALF_33_TAIL/Q_PVC_HALF_33_TAIL_A1Mini_PETG.3mf
104,Q_DOCK_SOCKET_FULL,106.7,256.0,sliced/Q_DOCK_SOCKET_FULL/Q_DOCK_SOCKET_FULL_A1Mini_PETG.3mf
105,Q_DOCK_SOCKET_TAIL,35.61,90.35,sliced/Q_DOCK_SOCKET_TAIL/Q_DOCK_SOCKET_TAIL_A1Mini_PETG.3mf
106,Q_DOCK_TONGUE_FULL,101.82,277.65,sliced/Q_DOCK_TONGUE_FULL/Q_DOCK_TONGUE_FULL_A1Mini_PETG.3mf
107,Q_DOCK_TONGUE_TAIL,33.99,100.07,sliced/Q_DOCK_TONGUE_TAIL/Q_DOCK_TONGUE_TAIL_A1Mini_PETG.3mf
108,Q_V_BLOCK_FULL,194.42,440.85,sliced/Q_V_BLOCK_FULL/Q_V_BLOCK_FULL_A1Mini_PETG.3mf
109,Q_V_BLOCK_FULL,194.42,440.85,sliced/Q_V_BLOCK_FULL/Q_V_BLOCK_FULL_A1Mini_PETG.3mf
110,Q_V_BLOCK_TAIL,129.64,297.05,sliced/Q_V_BLOCK_TAIL/Q_V_BLOCK_TAIL_A1Mini_PETG.3mf
111,Q_CROSS_PLATE_FULL,70.76,154.7,sliced/Q_CROSS_PLATE_FULL/Q_CROSS_PLATE_FULL_A1Mini_PETG.3mf
112,Q_CROSS_PLATE_FULL,70.76,154.7,sliced/Q_CROSS_PLATE_FULL/Q_CROSS_PLATE_FULL_A1Mini_PETG.3mf
