run,recipe,optional,pieces_per_run,grams_per_run,minutes_per_run,file
1,Q_EDGE_PLAIN_FULL,False,3,73.25,170.26,sliced/Q_EDGE_PLAIN_FULL/Q_EDGE_PLAIN_FULL_A1Mini_PETG.3mf
2,Q_EDGE_PLAIN_FULL,False,3,73.25,170.26,sliced/Q_EDGE_PLAIN_FULL/Q_EDGE_PLAIN_FULL_A1Mini_PETG.3mf
3,Q_EDGE_PLAIN_FULL,False,3,73.25,170.26,sliced/Q_EDGE_PLAIN_FULL/Q_EDGE_PLAIN_FULL_A1Mini_PETG.3mf
4,Q_EDGE_PLAIN_FULL,False,3,73.25,170.26,sliced/Q_EDGE_PLAIN_FULL/Q_EDGE_PLAIN_FULL_A1Mini_PETG.3mf
5,Q_EDGE_PLAIN_FULL,False,3,73.25,170.26,sliced/Q_EDGE_PLAIN_FULL/Q_EDGE_PLAIN_FULL_A1Mini_PETG.3mf
6,Q_EDGE_PLAIN_FULL,False,3,73.25,170.26,sliced/Q_EDGE_PLAIN_FULL/Q_EDGE_PLAIN_FULL_A1Mini_PETG.3mf
7,Q_EDGE_PLAIN_FULL,False,3,73.25,170.26,sliced/Q_EDGE_PLAIN_FULL/Q_EDGE_PLAIN_FULL_A1Mini_PETG.3mf
8,Q_EDGE_PLAIN_FULL,False,3,73.25,170.26,sliced/Q_EDGE_PLAIN_FULL/Q_EDGE_PLAIN_FULL_A1Mini_PETG.3mf
9,Q_EDGE_PLAIN_FULL,False,3,73.25,170.26,sliced/Q_EDGE_PLAIN_FULL/Q_EDGE_PLAIN_FULL_A1Mini_PETG.3mf
10,Q_EDGE_PLAIN_FULL,False,3,73.25,170.26,sliced/Q_EDGE_PLAIN_FULL/Q_EDGE_PLAIN_FULL_A1Mini_PETG.3mf
11,Q_EDGE_PLAIN_FULL,False,3,73.25,170.26,sliced/Q_EDGE_PLAIN_FULL/Q_EDGE_PLAIN_FULL_A1Mini_PETG.3mf
12,Q_EDGE_PLAIN_FULL,False,3,73.25,170.26,sliced/Q_EDGE_PLAIN_FULL/Q_EDGE_PLAIN_FULL_A1Mini_PETG.3mf
13,Q_EDGE_PLAIN_FULL,False,3,73.25,170.26,sliced/Q_EDGE_PLAIN_FULL/Q_EDGE_PLAIN_FULL_A1Mini_PETG.3mf
14,Q_EDGE_PLAIN_FULL,False,3,73.25,170.26,sliced/Q_EDGE_PLAIN_FULL/Q_EDGE_PLAIN_FULL_A1Mini_PETG.3mf
15,Q_EDGE_PLAIN_FULL,False,3,73.25,170.26,sliced/Q_EDGE_PLAIN_FULL/Q_EDGE_PLAIN_FULL_A1Mini_PETG.3mf
16,Q_EDGE_PLAIN_FULL,False,3,73.25,170.26,sliced/Q_EDGE_PLAIN_FULL/Q_EDGE_PLAIN_FULL_A1Mini_PETG.3mf
17,Q_EDGE_PLAIN_FULL,False,3,73.25,170.26,sliced/Q_EDGE_PLAIN_FULL/Q_EDGE_PLAIN_FULL_A1Mini_PETG.3mf
18,Q_EDGE_PLAIN_FULL,False,3,73.25,170.26,sliced/Q_EDGE_PLAIN_FULL/Q_EDGE_PLAIN_FULL_A1Mini_PETG.3mf
19,Q_EDGE_PLAIN_FULL,False,3,73.25,170.26,sliced/Q_EDGE_PLAIN_FULL/Q_EDGE_PLAIN_FULL_A1Mini_PETG.3mf
20,Q_EDGE_PLAIN_FULL,False,3,73.25,170.26,sliced/Q_EDGE_PLAIN_FULL/Q_EDGE_PLAIN_FULL_A1Mini_PETG.3mf
21,Q_EDGE_PLAIN_FULL,False,3,73.25,170.26,sliced/Q_EDGE_PLAIN_FULL/Q_EDGE_PLAIN_FULL_A1Mini_PETG.3mf
22,Q_EDGE_PLAIN_TAIL,False,1,24.46,61.96,sliced/Q_EDGE_PLAIN_TAIL/Q_EDGE_PLAIN_TAIL_A1Mini_PETG.3mf
23,Q_EDGE_BRANCH_FULL,False,2,73.43,180.05,sliced/Q_EDGE_BRANCH_FULL/Q_EDGE_BRANCH_FULL_A1Mini_PETG.3mf
24,Q_EDGE_BRANCH_FULL,False,2,73.43,180.05,sliced/Q_EDGE_BRANCH_FULL/Q_EDGE_BRANCH_FULL_A1Mini_PETG.3mf
25,Q_EDGE_BRANCH_FULL,False,2,73.43,180.05,sliced/Q_EDGE_BRANCH_FULL/Q_EDGE_BRANCH_FULL_A1Mini_PETG.3mf
26,Q_EDGE_BRANCH_FULL,False,2,73.43,180.05,sliced/Q_EDGE_BRANCH_FULL/Q_EDGE_BRANCH_FULL_A1Mini_PETG.3mf
27,Q_EDGE_BRANCH_FULL,False,2,73.43,180.05,sliced/Q_EDGE_BRANCH_FULL/Q_EDGE_BRANCH_FULL_A1Mini_PETG.3mf
28,Q_EDGE_BRANCH_FULL,False,2,73.43,180.05,sliced/Q_EDGE_BRANCH_FULL/Q_EDGE_BRANCH_FULL_A1Mini_PETG.3mf
29,Q_EDGE_BRANCH_FULL,False,2,73.43,180.05,sliced/Q_EDGE_BRANCH_FULL/Q_EDGE_BRANCH_FULL_A1Mini_PETG.3mf
30,Q_EDGE_BRANCH_FULL,False,2,73.43,180.05,sliced/Q_EDGE_BRANCH_FULL/Q_EDGE_BRANCH_FULL_A1Mini_PETG.3mf
31,Q_EDGE_BRANCH_FULL,False,2,73.43,180.05,sliced/Q_EDGE_BRANCH_FULL/Q_EDGE_BRANCH_FULL_A1Mini_PETG.3mf
32,Q_EDGE_BRANCH_FULL,False,2,73.43,180.05,sliced/Q_EDGE_BRANCH_FULL/Q_EDGE_BRANCH_FULL_A1Mini_PETG.3mf
33,Q_EDGE_BRANCH_FULL,False,2,73.43,180.05,sliced/Q_EDGE_BRANCH_FULL/Q_EDGE_BRANCH_FULL_A1Mini_PETG.3mf
34,Q_EDGE_BRANCH_FULL,False,2,73.43,180.05,sliced/Q_EDGE_BRANCH_FULL/Q_EDGE_BRANCH_FULL_A1Mini_PETG.3mf
35,Q_EDGE_BRANCH_FULL,False,2,73.43,180.05,sliced/Q_EDGE_BRANCH_FULL/Q_EDGE_BRANCH_FULL_A1Mini_PETG.3mf
36,Q_EDGE_BRANCH_FULL,False,2,73.43,180.05,sliced/Q_EDGE_BRANCH_FULL/Q_EDGE_BRANCH_FULL_A1Mini_PETG.3mf
37,Q_EDGE_BRANCH_FULL,False,2,73.43,180.05,sliced/Q_EDGE_BRANCH_FULL/Q_EDGE_BRANCH_FULL_A1Mini_PETG.3mf
38,Q_EDGE_BRANCH_FULL,False,2,73.43,180.05,sliced/Q_EDGE_BRANCH_FULL/Q_EDGE_BRANCH_FULL_A1Mini_PETG.3mf
39,Q_EDGE_BRANCH_FULL,False,2,73.43,180.05,sliced/Q_EDGE_BRANCH_FULL/Q_EDGE_BRANCH_FULL_A1Mini_PETG.3mf
40,Q_EDGE_BRANCH_FULL,False,2,73.43,180.05,sliced/Q_EDGE_BRANCH_FULL/Q_EDGE_BRANCH_FULL_A1Mini_PETG.3mf
41,Q_EDGE_BRANCH_FULL,False,2,73.43,180.05,sliced/Q_EDGE_BRANCH_FULL/Q_EDGE_BRANCH_FULL_A1Mini_PETG.3mf
42,Q_EDGE_BRANCH_FULL,False,2,73.43,180.05,sliced/Q_EDGE_BRANCH_FULL/Q_EDGE_BRANCH_FULL_A1Mini_PETG.3mf
43,Q_EDGE_BRANCH_FULL,False,2,73.43,180.05,sliced/Q_EDGE_BRANCH_FULL/Q_EDGE_BRANCH_FULL_A1Mini_PETG.3mf
44,Q_EDGE_BRANCH_FULL,False,2,73.43,180.05,sliced/Q_EDGE_BRANCH_FULL/Q_EDGE_BRANCH_FULL_A1Mini_PETG.3mf
45,Q_EDGE_BRANCH_FULL,False,2,73.43,180.05,sliced/Q_EDGE_BRANCH_FULL/Q_EDGE_BRANCH_FULL_A1Mini_PETG.3mf
46,Q_EDGE_BRANCH_FULL,False,2,73.43,180.05,sliced/Q_EDGE_BRANCH_FULL/Q_EDGE_BRANCH_FULL_A1Mini_PETG.3mf
47,Q_RUNG_FULL,False,3,72.04,168.09,sliced/Q_RUNG_FULL/Q_RUNG_FULL_A1Mini_PETG.3mf
48,Q_RUNG_FULL,False,3,72.04,168.09,sliced/Q_RUNG_FULL/Q_RUNG_FULL_A1Mini_PETG.3mf
49,Q_RUNG_FULL,False,3,72.04,168.09,sliced/Q_RUNG_FULL/Q_RUNG_FULL_A1Mini_PETG.3mf
50,Q_RUNG_FULL,False,3,72.04,168.09,sliced/Q_RUNG_FULL/Q_RUNG_FULL_A1Mini_PETG.3mf
51,Q_RUNG_FULL,False,3,72.04,168.09,sliced/Q_RUNG_FULL/Q_RUNG_FULL_A1Mini_PETG.3mf
52,Q_RUNG_FULL,False,3,72.04,168.09,sliced/Q_RUNG_FULL/Q_RUNG_FULL_A1Mini_PETG.3mf
53,Q_RUNG_FULL,False,3,72.04,168.09,sliced/Q_RUNG_FULL/Q_RUNG_FULL_A1Mini_PETG.3mf
54,Q_RUNG_FULL,False,3,72.04,168.09,sliced/Q_RUNG_FULL/Q_RUNG_FULL_A1Mini_PETG.3mf
55,Q_RUNG_FULL,False,3,72.04,168.09,sliced/Q_RUNG_FULL/Q_RUNG_FULL_A1Mini_PETG.3mf
56,Q_RUNG_FULL,False,3,72.04,168.09,sliced/Q_RUNG_FULL/Q_RUNG_FULL_A1Mini_PETG.3mf
57,Q_RUNG_FULL,False,3,72.04,168.09,sliced/Q_RUNG_FULL/Q_RUNG_FULL_A1Mini_PETG.3mf
58,Q_RUNG_FULL,False,3,72.04,168.09,sliced/Q_RUNG_FULL/Q_RUNG_FULL_A1Mini_PETG.3mf
59,Q_RUNG_FULL,False,3,72.04,168.09,sliced/Q_RUNG_FULL/Q_RUNG_FULL_A1Mini_PETG.3mf
60,Q_RUNG_FULL,False,3,72.04,168.09,sliced/Q_RUNG_FULL/Q_RUNG_FULL_A1Mini_PETG.3mf
61,Q_RUNG_FULL,False,3,72.04,168.09,sliced/Q_RUNG_FULL/Q_RUNG_FULL_A1Mini_PETG.3mf
62,Q_RUNG_FULL,False,3,72.04,168.09,sliced/Q_RUNG_FULL/Q_RUNG_FULL_A1Mini_PETG.3mf
63,Q_RUNG_FULL,False,3,72.04,168.09,sliced/Q_RUNG_FULL/Q_RUNG_FULL_A1Mini_PETG.3mf
64,Q_RUNG_FULL,False,3,72.04,168.09,sliced/Q_RUNG_FULL/Q_RUNG_FULL_A1Mini_PETG.3mf
65,Q_RUNG_TAIL,False,2,48.05,114.45,sliced/Q_RUNG_TAIL/Q_RUNG_TAIL_A1Mini_PETG.3mf
66,Q_CLICK_KEY_FULL,False,8,26.9,86.42,sliced/Q_CLICK_KEY_FULL/Q_CLICK_KEY_FULL_A1Mini_PETG.3mf
67,Q_CLICK_KEY_FULL,False,8,26.9,86.42,sliced/Q_CLICK_KEY_FULL/Q_CLICK_KEY_FULL_A1Mini_PETG.3mf
68,Q_CLICK_KEY_FULL,False,8,26.9,86.42,sliced/Q_CLICK_KEY_FULL/Q_CLICK_KEY_FULL_A1Mini_PETG.3mf
69,Q_CLICK_KEY_FULL,False,8,26.9,86.42,sliced/Q_CLICK_KEY_FULL/Q_CLICK_KEY_FULL_A1Mini_PETG.3mf
70,Q_CLICK_KEY_FULL,False,8,26.9,86.42,sliced/Q_CLICK_KEY_FULL/Q_CLICK_KEY_FULL_A1Mini_PETG.3mf
71,Q_CLICK_KEY_FULL,False,8,26.9,86.42,sliced/Q_CLICK_KEY_FULL/Q_CLICK_KEY_FULL_A1Mini_PETG.3mf
72,Q_CLICK_KEY_FULL,False,8,26.9,86.42,sliced/Q_CLICK_KEY_FULL/Q_CLICK_KEY_FULL_A1Mini_PETG.3mf
73,Q_CLICK_KEY_FULL,False,8,26.9,86.42,sliced/Q_CLICK_KEY_FULL/Q_CLICK_KEY_FULL_A1Mini_PETG.3mf
74,Q_CLICK_KEY_FULL,False,8,26.9,86.42,sliced/Q_CLICK_KEY_FULL/Q_CLICK_KEY_FULL_A1Mini_PETG.3mf
75,Q_CLICK_KEY_FULL,False,8,26.9,86.42,sliced/Q_CLICK_KEY_FULL/Q_CLICK_KEY_FULL_A1Mini_PETG.3mf
76,Q_CLICK_KEY_FULL,False,8,26.9,86.42,sliced/Q_CLICK_KEY_FULL/Q_CLICK_KEY_FULL_A1Mini_PETG.3mf
77,Q_CLICK_KEY_FULL,False,8,26.9,86.42,sliced/Q_CLICK_KEY_FULL/Q_CLICK_KEY_FULL_A1Mini_PETG.3mf
78,Q_CLICK_KEY_FULL,False,8,26.9,86.42,sliced/Q_CLICK_KEY_FULL/Q_CLICK_KEY_FULL_A1Mini_PETG.3mf
79,Q_CLICK_KEY_FULL,False,8,26.9,86.42,sliced/Q_CLICK_KEY_FULL/Q_CLICK_KEY_FULL_A1Mini_PETG.3mf
80,Q_CLICK_KEY_FULL,False,8,26.9,86.42,sliced/Q_CLICK_KEY_FULL/Q_CLICK_KEY_FULL_A1Mini_PETG.3mf
81,Q_CLICK_KEY_FULL,False,8,26.9,86.42,sliced/Q_CLICK_KEY_FULL/Q_CLICK_KEY_FULL_A1Mini_PETG.3mf
82,Q_CLICK_KEY_FULL,False,8,26.9,86.42,sliced/Q_CLICK_KEY_FULL/Q_CLICK_KEY_FULL_A1Mini_PETG.3mf
83,Q_CLICK_KEY_FULL,False,8,26.9,86.42,sliced/Q_CLICK_KEY_FULL/Q_CLICK_KEY_FULL_A1Mini_PETG.3mf
84,Q_CLICK_KEY_FULL,False,8,26.9,86.42,sliced/Q_CLICK_KEY_FULL/Q_CLICK_KEY_FULL_A1Mini_PETG.3mf
85,Q_CLICK_KEY_FULL,False,8,26.9,86.42,sliced/Q_CLICK_KEY_FULL/Q_CLICK_KEY_FULL_A1Mini_PETG.3mf
86,Q_CLICK_KEY_FULL,False,8,26.9,86.42,sliced/Q_CLICK_KEY_FULL/Q_CLICK_KEY_FULL_A1Mini_PETG.3mf
87,Q_CLICK_KEY_FULL,False,8,26.9,86.42,sliced/Q_CLICK_KEY_FULL/Q_CLICK_KEY_FULL_A1Mini_PETG.3mf
88,Q_CLICK_KEY_FULL,False,8,26.9,86.42,sliced/Q_CLICK_KEY_FULL/Q_CLICK_KEY_FULL_A1Mini_PETG.3mf
89,Q_CLICK_KEY_FULL,False,8,26.9,86.42,sliced/Q_CLICK_KEY_FULL/Q_CLICK_KEY_FULL_A1Mini_PETG.3mf
90,Q_CLICK_KEY_FULL,False,8,26.9,86.42,sliced/Q_CLICK_KEY_FULL/Q_CLICK_KEY_FULL_A1Mini_PETG.3mf
91,Q_PAPER_PAD_FULL,True,36,53.56,139.79,sliced/Q_PAPER_PAD_FULL/Q_PAPER_PAD_FULL_A1Mini_PETG.3mf
92,Q_PAPER_PAD_FULL,True,36,53.56,139.79,sliced/Q_PAPER_PAD_FULL/Q_PAPER_PAD_FULL_A1Mini_PETG.3mf
93,Q_PAPER_PAD_FULL,True,36,53.56,139.79,sliced/Q_PAPER_PAD_FULL/Q_PAPER_PAD_FULL_A1Mini_PETG.3mf
94,Q_PAPER_PAD_TAIL,True,28,41.68,110.31,sliced/Q_PAPER_PAD_TAIL/Q_PAPER_PAD_TAIL_A1Mini_PETG.3mf
95,Q_RUNG_SLEEVE_FULL,False,3,148.1,349.14,sliced/Q_RUNG_SLEEVE_FULL/Q_RUNG_SLEEVE_FULL_A1Mini_PETG.3mf
96,Q_RUNG_SLEEVE_FULL,False,3,148.1,349.14,sliced/Q_RUNG_SLEEVE_FULL/Q_RUNG_SLEEVE_FULL_A1Mini_PETG.3mf
97,Q_RUNG_SLEEVE_FULL,False,3,148.1,349.14,sliced/Q_RUNG_SLEEVE_FULL/Q_RUNG_SLEEVE_FULL_A1Mini_PETG.3mf
98,Q_RUNG_SLEEVE_FULL,False,3,148.1,349.14,sliced/Q_RUNG_SLEEVE_FULL/Q_RUNG_SLEEVE_FULL_A1Mini_PETG.3mf
99,Q_RUNG_SLEEVE_FULL,False,3,148.1,349.14,sliced/Q_RUNG_SLEEVE_FULL/Q_RUNG_SLEEVE_FULL_A1Mini_PETG.3mf
100,Q_RUNG_SLEEVE_TAIL,False,1,49.41,140.09,sliced/Q_RUNG_SLEEVE_TAIL/Q_RUNG_SLEEVE_TAIL_A1Mini_PETG.3mf
101,Q_V_BLOCK_FULL,False,12,194.42,440.85,sliced/Q_V_BLOCK_FULL/Q_V_BLOCK_FULL_A1Mini_PETG.3mf
102,Q_V_BLOCK_FULL,False,12,194.42,440.85,sliced/Q_V_BLOCK_FULL/Q_V_BLOCK_FULL_A1Mini_PETG.3mf
103,Q_V_BLOCK_TAIL,False,8,129.64,297.05,sliced/Q_V_BLOCK_TAIL/Q_V_BLOCK_TAIL_A1Mini_PETG.3mf
104,Q_CROSS_PLATE_FULL,False,4,70.76,154.7,sliced/Q_CROSS_PLATE_FULL/Q_CROSS_PLATE_FULL_A1Mini_PETG.3mf
105,Q_CROSS_PLATE_FULL,False,4,70.76,154.7,sliced/Q_CROSS_PLATE_FULL/Q_CROSS_PLATE_FULL_A1Mini_PETG.3mf
